{"bp_mean": [0.41438236832618713, 0.17348834872245789, 0.0660182535648346, 0.13465037941932678, 0.06960231810808182, -0.0006584235234186053], "bp_std": [0.16747064888477325, 0.11163737624883652, 0.051331423223018646, 0.11723744124174118, 0.08980904519557953, 0.0004422733618412167], "n_bp_features": 6}